<?xml version="1.0" encoding="utf-8"?>
<extension
	type="module"
	version="3.0"
	client="site"
	method="upgrade">
	<name>mod_articles_single</name>
	<author></author>
	<creationDate></creationDate>
	<version>2.0.0</version>
	<description>MOD_ARTICLES_SINGLE_XML_DESCRIPTION</description>
	<files>
		<folder>tmpl</folder>
		<folder>language</folder>

		<filename module="mod_articles_single">mod_articles_single.php</filename>
		<filename>helper.php</filename>
		<filename>index.html</filename>
		<filename>mod_articles_single.xml</filename>
	</files>
	<languages>
		<language tag="en-GB">language/en-GB/en-GB.mod_articles_single.ini</language>
		<language tag="en-GB">language/en-GB/en-GB.mod_articles_single.sys.ini</language>
	</languages>
	<help key="JHELP_EXTENSIONS_MODULE_MANAGER_ARTICLES_NEWSFLASH" />
	<config>
		<fields name="params">
			<fieldset name="basic">

				<field
					name="article_id"
					type="text"
					default=""
					size="3"
					label="MOD_ARTICLES_SINGLE_FIELD_ART_ID"
					description="MOD_ARTICLES_SINGLE_FIELD_ART_ID_DESC"/>

				<field
					name="item_title"
					class="btn-group"
					type="radio"
					default="0"
					label="MOD_ARTICLES_SINGLE_FIELD_TITLE_LABEL"
					description="MOD_ARTICLES_SINGLE_FIELD_TITLE_DESC">
					<option
						value="1">JYES</option>
					<option
						value="0">JNO</option>
				</field>

				<field
					name="link_titles"
					type="list"
					label="MOD_ARTICLES_SINGLE_FIELD_LINKTITLE_LABEL"
					description="MOD_ARTICLES_SINGLE_FIELD_LINKTITLE_DESC">
					<option
						value="">JGLOBAL_USE_GLOBAL</option>
					<option
						value="0">JNO</option>
					<option
						value="1">JYES</option>
				</field>

				<field
					name="item_heading"
					type="list"
					default="h4"
					label="MOD_ARTICLES_SINGLE_TITLE_HEADING"
					description="MOD_ARTICLES_SINGLE_TITLE_HEADING_DESCRIPTION">
					<option
						value="h1">JH1</option>
					<option
						value="h2">JH2</option>
					<option
						value="h3">JH3</option>
					<option
						value="h4">JH4</option>
					<option
						value="h5">JH5</option>
				</field>

				<field
					name="published_on"
					class="btn-group"
					type="radio"
					default="0"
					label="MOD_ARTICLES_SINGLE_PUBLISHED_DATE_LABEL"
					description="MOD_ARTICLES_SINGLE_PUBLISHED_DATE_DESC">
					<option
						value="1">JYES</option>
					<option
						value="0">JNO</option>
				</field>


				<field
					name="createdby"
					class="btn-group"
					type="radio"
					default="0"
					label="MOD_ARTICLES_SINGLE_PUBLISHED_CREATEDBY_LABEL"
					description="MOD_ARTICLES_SINGLE_PUBLISHED_CREATEDBY_DESC">
					<option
						value="1">JYES</option>
					<option
						value="0">JNO</option>
				</field>

				<field
					name="show_intro_image"
					class="btn-group"
					type="radio"
					default="1"
					label="MOD_ARTICLES_SINGLE_SHOW_INTRO_IMAGE"
					description="MOD_ARTICLES_SINGLE_SHOW_INTRO_IMAGE_DESC">
					<option
						value="1">JYES</option>
					<option
						value="0">JNO</option>
				</field>

				<field
					name="readmore"
					class="btn-group"
					type="radio"
					default="0"
					label="MOD_ARTICLES_SINGLE_FIELD_READMORE_LABEL"
					description="MOD_ARTICLES_SINGLE_FIELD_READMORE_DESC">
					<option
						value="0">JHIDE</option>
					<option
						value="1">JSHOW</option>
				</field>

			</fieldset>


			<fieldset
				name="advanced">

				<field
					name="layout"
					type="modulelayout"
					label="JFIELD_ALT_LAYOUT_LABEL"
					description="JFIELD_ALT_MODULE_LAYOUT_DESC" />

				<field
					name="moduleclass_sfx"
					type="text"
					label="COM_MODULES_FIELD_MODULECLASS_SFX_LABEL"
					description="COM_MODULES_FIELD_MODULECLASS_SFX_DESC" />

				<field
					name="cache"
					type="list"
					default="1"
					label="COM_MODULES_FIELD_CACHING_LABEL"
					description="COM_MODULES_FIELD_CACHING_DESC">
					<option
						value="1">JGLOBAL_USE_GLOBAL</option>
					<option
						value="0">COM_MODULES_FIELD_VALUE_NOCACHING</option>
				</field>

				<field
					name="cache_time"
					type="text"
					default="900"
					label="COM_MODULES_FIELD_CACHE_TIME_LABEL"
					description="COM_MODULES_FIELD_CACHE_TIME_DESC" />

				<field
					name="cachemode"
					type="hidden"
					default="itemid">
					<option
						value="itemid"></option>
				</field>

			</fieldset>
		</fields>
	</config>
</extension>
