<?xml version="1.0" encoding="utf-8"?>
<!DOCTYPE install SYSTEM "http://dev.joomla.org/xml/1.5/plugin-install.dtd">
<install type="plugin" version="1.5" method="upgrade" group="acymailing">
	<name>AcyMailing Tag : Date / Time</name>
	<creationDate>juillet 2016</creationDate>
	<version>5.5.0</version>
	<author>Acyba</author>
	<authorEmail>dev@acyba.com</authorEmail>
	<authorUrl>http://www.acyba.com</authorUrl>
	<copyright>Copyright (C) 2009-2016 ACYBA SAS - All rights reserved..</copyright>
	<license>GNU/GPLv3 http://www.gnu.org/licenses/gpl-3.0.html</license>
	<description>This plugin enables you to add time or date in your Newsletter</description>
	<files>
		<filename plugin="tagtime">tagtime.php</filename>
	</files>
	<params addpath="/components/com_acymailing/params">
		<param name="help" type="help" label="Help" description="Click on the help button to get some help" default="plugin-tagtime"/>
		<param name="frontendaccess" type="list" default="all" label="Front-end Access" description="You can restrict the access to this tag system with this option">
			<option value="all">Always display this tag system</option>
			<option value="none">Don't display this tag system on the front-end</option>
		</param>
	</params>
	<config>
		<fields name="params" addfieldpath="/components/com_acymailing/params">
			<fieldset name="basic">
				<field name="help" type="help" label="Help" description="Click on the help button to get some help" default="plugin-tagtime"/>
				<field name="frontendaccess" type="list" default="all" label="Front-end Access" description="You can restrict the access to this tag system with this option">
					<option value="all">Always display this tag system</option>
					<option value="none">Don't display this tag system on the front-end</option>
				</field>
			</fieldset>
		</fields>
	</config>
</install>
