<?xml version="1.0" encoding="utf-8"?>
<extension type="module" version="3.0" client="site" method="upgrade">
	<name>AS Menu</name>
	<creationDate>2013-02-08</creationDate>
	<updateDate>2013-02-08</updateDate>
	<version>1.0.0</version>
	<author>AS Designing</author>
    <authorUrl>http://www.asdesigning.com</authorUrl>
    <copyright>AS Designing - All rights reserved</copyright>
    <license>GNU/GPL</license>	
	
	<description>
	<![CDATA[

			<img src="../modules/mod_as_menu/extension_thumbnail.png" align="left" style="margin: 0px 10px 10px 0px;" />
			
			<h1>AS Menu</h1>
			The AS Menu module displays a main Joomla! template menu for desktop and mobile devices.<br />
			
			<br />Visit our site for more extensions: <a href="http://www.astemplates.com" target="_blank">http://www.astemplates.com</a>.
			<br /><br />
			
			</span>
			<br /><br />]]>
	</description>

	<files>
		<folder>tmpl</folder>
		<folder>css</folder>
		<folder>js</folder>
		<folder>images</folder>		

		<filename module="mod_as_menu">mod_as_menu.php</filename>
		<filename>helper.php</filename>
		<filename>index.html</filename>		
		<filename>mod_as_menu.xml</filename>
		<filename>extension_thumbnail.png</filename>				
	</files>

	<config>
		<fields name="params">
		
			<!-- ~~~~~~~~~~~~~~~~~~~~~~~~~~~~~~~~~~~~~~~~~~~~~~~~~~~~~~~~~~~~~~~~~~~~~~~~~~~~~~~~~~~~~~~~~~~~~~~~~~~~~~~~~~~~~~~~~~~~~~ -->	
			<!-- Basic Configuration Options ~~~~~~~~~~~~~~~~~~~~~~~~~~~~~~~~~~~~~~~~~~~~~~~~~~~~~~~~~~~~~~~~~~~~~~~~~~~~~~~~~~~~~~~~~~ -->
			<!-- ~~~~~~~~~~~~~~~~~~~~~~~~~~~~~~~~~~~~~~~~~~~~~~~~~~~~~~~~~~~~~~~~~~~~~~~~~~~~~~~~~~~~~~~~~~~~~~~~~~~~~~~~~~~~~~~~~~~~~~ -->	
		
			<fieldset name="basicoptions" label="Basic Options">
				<field
					name="menutype"
					type="menu"
					label="Select Menu"
					description="Select a menu from the list" >
				</field>
				<field
					name="startLevel"
					type="list"
					default="1"
					label="Start Level"
					description="Level to start rendering the menu at. 
					Setting the start and end levels to the same # and setting 'Show Submenu Items' to yes will only display that single level." >
						<option value="1">J1</option>
						<option value="2">J2</option>
						<option value="3">J3</option>
						<option value="4">J4</option>
						<option value="5">J5</option>
						<option value="6">J6</option>
						<option value="7">J7</option>
						<option value="8">J8</option>
						<option value="9">J9</option>
						<option value="10">J10</option>
				</field>
				<field
					name="endLevel"
					type="list"
					default="0"
					label="End Level"
					description="Level to stop rendering the menu at. 
					If you choose 'All', all levels will be shown depending on 'Show Submenu Items' setting." >
						<option value="0">JALL</option>
						<option value="1">J1</option>
						<option value="2">J2</option>
						<option value="3">J3</option>
						<option value="4">J4</option>
						<option value="5">J5</option>
						<option value="6">J6</option>
						<option value="7">J7</option>
						<option value="8">J8</option>
						<option value="9">J9</option>
						<option value="10">J10</option>
				</field>
				<field
					name="showAllChildren"
					type="radio"
					default="1"
					class="btn-group"
					label="Show Submenu Items"
					description="Expand the menu and make its submenu items always visible.">
					<option value="1">JYES</option>
					<option value="0">JNO</option>
				</field>
			</fieldset>

			<!-- ~~~~~~~~~~~~~~~~~~~~~~~~~~~~~~~~~~~~~~~~~~~~~~~~~~~~~~~~~~~~~~~~~~~~~~~~~~~~~~~~~~~~~~~~~~~~~~~~~~~~~~~~~~~~~~~~~~~~~~ -->	
			<!-- Advanced Configuration Options ~~~~~~~~~~~~~~~~~~~~~~~~~~~~~~~~~~~~~~~~~~~~~~~~~~~~~~~~~~~~~~~~~~~~~~~~~~~~~~~~~~~~~~~ -->
			<!-- ~~~~~~~~~~~~~~~~~~~~~~~~~~~~~~~~~~~~~~~~~~~~~~~~~~~~~~~~~~~~~~~~~~~~~~~~~~~~~~~~~~~~~~~~~~~~~~~~~~~~~~~~~~~~~~~~~~~~~~ -->	

			<fieldset
				name="advanced" label="Advanced Options">
				<field
					name="tag_id"
					type="text"
					label="Menu Tag ID"
					description="An ID attribute to assign to the root UL tag of the menu." >
				</field>
				<field
					name="class_sfx"
					type="text"
					label="Menu Class Suffix"
					description="A suffix to be applied to the CSS class of the menu items." >
				</field>
				<field
					name="moduleclass_sfx"
					type="text"
					default = "navigation"					
					label="COM_MODULES_FIELD_MODULECLASS_SFX_LABEL"
					description="COM_MODULES_FIELD_MODULECLASS_SFX_DESC" >
				</field>
				<field
					name="layout"
					type="modulelayout"
					label="JFIELD_ALT_LAYOUT_LABEL"
					description="JFIELD_ALT_MODULE_LAYOUT_DESC" >
				</field>
				<field type="spacer" label="&lt;script src='../modules/mod_as_menu/js/jscolors/jscolor.js'
				                            type='text/javascript'&gt;&lt;/script&gt;" />

				<field
					name="cache"
					type="list"
					default="1"
					label="COM_MODULES_FIELD_CACHING_LABEL"
					description="COM_MODULES_FIELD_CACHING_DESC">
						<option value="1">JGLOBAL_USE_GLOBAL</option>
						<option value="0">COM_MODULES_FIELD_VALUE_NOCACHING</option>
				</field>
				<field
					name="cache_time"
					type="text"
					default="900"
					label="COM_MODULES_FIELD_CACHE_TIME_LABEL"
					description="COM_MODULES_FIELD_CACHE_TIME_DESC" >
				</field>
				<field
					name="cachemode"
					type="hidden"
					default="itemid">
					<option value="itemid"></option>
				</field>
			</fieldset>

			<!-- ~~~~~~~~~~~~~~~~~~~~~~~~~~~~~~~~~~~~~~~~~~~~~~~~~~~~~~~~~~~~~~~~~~~~~~~~~~~~~~~~~~~~~~~~~~~~~~~~~~~~~~~~~~~~~~~~~~~~~~ -->	
			<!-- Menu Options ~~~~~~~~~~~~~~~~~~~~~~~~~~~~~~~~~~~~~~~~~~~~~~~~~~~~~~~~~~~~~~~~~~~~~~~~~~~~~~~~~~~~~~~~~~~~~~~~~~~~~~~~~ -->
			<!-- ~~~~~~~~~~~~~~~~~~~~~~~~~~~~~~~~~~~~~~~~~~~~~~~~~~~~~~~~~~~~~~~~~~~~~~~~~~~~~~~~~~~~~~~~~~~~~~~~~~~~~~~~~~~~~~~~~~~~~~ -->	

			<fieldset name="menuoptions"  label="Menu Options">
				<field 
					name="menu_delay" 
					type="text" 
					default="500" 
					label="Delay" 
					description="Delay in milliseconds that the mouse can remain outside a submenu without it closing.">
				</field>										
				<field 
					name="menu_speed" 
					type="text" 
					default="normal" 
					label="Animation Speed" 
					description="Animation speed.">
				</field>
				<field type="spacer" label=" " />
														
				<field name="bg_color" 
					class="color {required:false}" 
					type="text" 
					default="" 
					label="Background Color" 
					description="The menu background color">
				</field>					
				<field name="gradient_topcolor" 
					class="color {required:false}" 
					type="text" 
					default="" 
					label="Gradient Top Color" 
					description="The menu gradient top background color">
				</field>
				<field name="gradient_btmcolor" 
					class="color {required:false}" 
					type="text" 
					default="" 
					label="Gradient Bottom Color" 
					description="The menu gradient bottom background color">
				</field>
				<field type="spacer" label=" " />														

				<field name="font_family" 
					type="list" 
					default="Tahoma, Geneva, sans-serif, Arial" 
					label="Font family" 
					description="Select your favorite font-family here">
						<option value="Tahoma, Geneva, sans-serif, Arial">Tahoma, Geneva, sans-serif</option>
						<option value="Georgia, 'Times New Roman', Times, serif">Georgia, Times New Roman</option>
						<option value="'Courier New', Courier, monospace">Courier New, Courier</option>
						<option value="Arial, Helvetica, sans-serif">Arial, Helvetica, sans-serif</option>
						<option value="'Trebuchet MS', Arial, Helvetica, sans-serif">Trebuchet MS, Arial, Helvetica</option>
						<option value="'Verdana, Geneva, sans-serif">Verdana, Geneva, sans-serif</option>
						<option value="'Times New Roman', Times, serif">Times New Roman, Times</option>
						<option value="'MS Serif', 'New York', serif">MS Serif, New York, serif</option>
						<option value="'Comic Sans MS', cursive">Comic Sans MS, cursive</option>
						<option value="'Lucida Sans Unicode', 'Lucida Grande', sans-serif">Lucida Sans Unicode</option>						
						<option value="ABeeZee">Google:ABeeZee</option>
						<option value="Acme">Google:Acme</option>
						<option value="Advent Pro:100">Google:Advent Pro:100</option>
						<option value="Advent Pro:200">Google:Advent Pro:200</option>
						<option value="Advent Pro:300">Google:Advent Pro:300</option>
						<option value="Advent Pro:400">Google:Advent Pro:400</option>
						<option value="Advent Pro:500">Google:Advent Pro:500</option>
						<option value="Advent Pro:600">Google:Advent Pro:600</option>
						<option value="Advent Pro:700">Google:Advent Pro:700</option>
						<option value="Arimo:400">Google:Arimo:400</option>
						<option value="Arimo:400italic">Google:Arimo:400italic</option>
						<option value="Arimo:700">Google:Arimo:700</option>
						<option value="Arimo:700italic">Google:Arimo:700italic</option>
						<option value="Arizonia">Google:Arizonia</option>						
						<option value="Average">Google:Average</option>
						<option value="BenchNine:700">Google:BenchNine:700</option>
						<option value="BenchNine:400">Google:BenchNine:400</option>
						<option value="BenchNine:300">Google:BenchNine:300</option>												
						<option value="Carme">Google:Carme</option>
						<option value="Comfortaa">Google:Comfortaa</option>
						<option value="Convergence">Google:Convergence</option>
						<option value="Cuprum:400">Google:Cuprum:400</option>
						<option value="Cuprum:400italic">Google:Cuprum:400italic</option>
						<option value="Cuprum:700">Google:Cuprum:700</option>
						<option value="Cuprum:700italic">Google:Cuprum:700italic</option>
						<option value="Exo:100">Google:Exo:100</option>
						<option value="Exo:100italic">Google:Exo:100italic</option>
						<option value="Exo:200">Google:Exo:200</option>
						<option value="Exo:200italic">Google:Exo:200italic</option>
						<option value="Exo:300">Google:Exo:300</option>
						<option value="Exo:300italic">Google:Exo:300italic</option>
						<option value="Exo:400">Google:Exo:400</option>
						<option value="Exo:400italic">Google:Exo:400italic</option>
						<option value="Exo:500">Google:Exo:500</option>
						<option value="Exo:500italic">Google:Exo:500italic</option>
						<option value="Exo:600">Google:Exo:600</option>
						<option value="Exo:600italic">Google:Exo:600italic</option>
						<option value="Exo:700">Google:Exo:700</option>
						<option value="Exo:700italic">Google:Exo:700italic</option>
						<option value="Exo:800">Google:Exo:800</option>
						<option value="Exo:800italic">Google:Exo:800italic</option>
						<option value="Exo:900">Google:Exo:900</option>
						<option value="Exo:900italic">Google:Exo:900italic</option>
						<option value="Felipa">Google:Felipa</option>
						<option value="Fredoka One">Google:Fredoka One</option>						
						<option value="Hammersmith One">Google:Hammersmith One</option>
						<option value="Homenaje">Google:Homenaje</option>
						<option value="Jockey One">Google:Jockey One</option>
						<option value="Jura:300">Google:Jura:300</option>
						<option value="Jura:400">Google:Jura:400</option>
						<option value="Jura:500">Google:Jura:500</option>
						<option value="Jura:600">Google:Jura:600</option>
						<option value="Macondo">Google:Macondo</option>
						<option value="Marmelad">Google:Marmelad</option>
						<option value="Michroma">Google:Michroma</option>
						<option value="Montserrat">Google:Montserrat</option>
						<option value="Monsieur La Doulaise">Google:Monsieur La Doulaise</option>						
						<option value="Mr Bedfort">Google:Mr Bedfort</option>
						<option value="Muli:300">Google:Muli:300</option>
						<option value="Muli:300italic">Google:Muli:300italic</option>
						<option value="Muli:400">Google:Muli:400</option>
						<option value="Muli:400italic">Google:Muli:400italic</option>
						<option value="Numans">Google:Numans</option>
						<option value="Oxygen">Google:Oxygen</option>
						<option value="Parisienne">Google:Parisienne</option>
						<option value="Pontano Sans">Google:Pontano Sans</option>
						<option value="PT Sans">Google:PT Sans</option>																								
						<option value="Prosto One">Google:Prosto One</option>
						<option value="Questrial">Google:Questrial</option>
						<option value="Russo One">Google:Russo One</option>
						<option value="Rouge Script">Google:Rouge Script</option>						
						<option value="Sacramento">Google:Sacramento</option>
						<option value="Salsa">Google:Salsa</option>						
						<option value="Sail">Google:Sail</option>												
						<option value="Sevillana">Google:Sevillana</option>						
						<option value="Signika:300">Google:Signika:300</option>
						<option value="Signika:400">Google:Signika:400</option>
						<option value="Signika:600">Google:Signika:600</option>
						<option value="Signika:700">Google:Signika:700</option>
						<option value="Six Caps">Google:Six Caps</option>
						<option value="Tangerine:400">Google:Tangerine:400</option>												
						<option value="Tangerine:700">Google:Tangerine:700</option>																		
						<option value="Tulpen One">Google:Tulpen One</option>													
				</field>
				<field 
					name="font_size1" 
					type="text" 
					default="13" 
					label="Font Size (px)" 
					description="The menu font size.">
				</field>	
				<field 
					name="font_size2" 
					type="text" 
					default="13" 
					label="Submenu Font Size (px)" 
					description="The submenu font size.">
				</field>	
				<field name="font_color" 
					class="color {required:false}" 
					type="text" 
					default="" 
					label="Font Color" 
					description="The menu font color">
				</field>
				<field name="hfont_color" 
					class="color {required:false}" 
					type="text" 
					default="" 
					label="Hover Font Color" 
					description="The menu hover font color">
				</field>
				<field type="spacer" label=" " />
				
				<field 
					name="submenu_width" 
					type="text" 
					default="191" 
					label="Submenu Width (px)" 
					description="The submenu width size.">
				</field>																		
				<field 
					name="border_radius" 
					type="text" 
					default="3" 
					label="Border Radius (px)" 
					description="The menu border radius (not for mobile devices)">
				</field>
				
			</fieldset>
		</fields>
	</config>
</extension>